Species,vertextype,FunctionalGroup,Reference,Reference_pres_link,Observation
Abyssianira_argentenensis,0,Isopoda,Doti_etal_2020,https://doi.org/10.1007/s00300-020-02725-z,
Abyssianira_dentifrons,0,Isopoda,Doti_etal_2020,https://doi.org/10.1007/s00300-020-02725-z,
Abyssianira_spp,0,Isopoda,Doti_etal_2020,https://doi.org/10.1007/s00300-020-02725-z,Aggregated: Abyssianira_spp
Acanthoserolis_schythei,0,Isopoda,Doti_etal_2020,https://doi.org/10.1007/s00300-020-02725-z,
Acodontaster_elongatus,0,Echinodermata,Fraysse_etal_2018,https://doi.org/10.1007/s00300-018-2377-3,
Acodontaster_sp,0,Echinodermata,Schejter_etal_2016,https://doi.org/10.1007/s00300-016-1913-2,
Actinauge_longicornis,0,Cnidaria_benthic,Schejter_etal_2020b,https://doi.org/10.11646/zootaxa.4878.2.1,
Actinostola_crassicornis,3,Cnidaria_benthic,Schejter_etal_2020b,https://doi.org/10.11646/zootaxa.4878.2.1,
Adelomelon_ancilla,0,Gastropoda,Teso_etal_2019,https://doi.org/10.1186/s12898-019-0263-7,
Advenogonium_fuegiae,0,Isopoda,Doti_etal_2020,https://doi.org/10.1007/s00300-020-02725-z,
Aega_semicarinata,0,Isopoda,Schejter_etal_2016; Doti_etal_2020,https://doi.org/10.1007/s00300-016-1913-2,
Aglaophamus_virginis,0,Polychaeta,Bremec_etal_2019,http://dx.doi.org/10.15517/rbt.v67is5.38937,
Agonopsis_chiloensis,0,Fish_BenPel,Schejter_etal_2016; Delpiani_etal_2020; D√≠az de Astarloa_pers.com.,https://doi.org/10.1007/s00300-016-1913-2,
Alcyonium_antarcticum,9,Coral,Schejter_etal_2020b,https://doi.org/10.11646/zootaxa.4878.2.1,
Allorostrata_ovalis,0,Isopoda,Doti_etal_2020,https://doi.org/10.1007/s00300-020-02725-z,
Allorostrata_scutifrons,0,Isopoda,Doti_etal_2020,https://doi.org/10.1007/s00300-020-02725-z,
Amblyraja_doellojuradoi,10,Fish_Chond,D√≠az de Astarloa_pers.com.,NA,
Amblyraja_georgiana,1,Fish_Chond,Delpiani_TallerCientifico_2021,NA,
Ampharete_kerguelensis,0,Polychaeta,Bremec_etal_2019,http://dx.doi.org/10.15517/rbt.v67is5.38937,
Anasterias_antarctica,3,Echinodermata,Fraysse_etal_2018,https://doi.org/10.1007/s00300-018-2377-3,
Anasterias_sp,0,Echinodermata,Schejter_etal_2016,https://doi.org/10.1007/s00300-016-1913-2,
Andaniotes_linearis,0,Amphipoda,Lopez-Gappa_etal_2006; Chiesa_pers.com.,https://doi.org/10.11646/ZOOTAXA.1342.1.1,
Anobothrus_sp,0,Polychaeta,Bremec_etal_2019,http://dx.doi.org/10.15517/rbt.v67is5.38937,
Antarcturidae,0,Isopoda,Doti_etal_2020,https://doi.org/10.1007/s00300-020-02725-z,
Anthoptilum_grandiflorum,11,Coral,Schejter_etal_2018; 2020b,https://ri.conicet.gov.ar/handle/11336/98394,
Aplidium_spp,2,Ascidiacea,Schejter_etal_2016,https://doi.org/10.1007/s00300-016-1913-2,
Appendicularia_spp,0,Zooplankton,Spinelli_etal_2020,https://doi.org/10.1016/j.jmarsys.2020.103398,
Arctocephalus_australis,8,MarineMammals_2,RayaRey_pers.com.,NA,
Ardenna_gravis,0,SeaBirds,RayaRey_pers.com.,NA,
Ardenna_grisea,0,SeaBirds,RayaRey_pers.com.,NA,
Argeneuthria_varicosa,0,Gastropoda,Pastorino_2016,https://doi.org/10.11646/zootaxa.4179.3.1,
Aristias_antarcticus,0,Amphipoda,Lopez-Gappa_etal_2006; Chiesa_pers.com.,https://doi.org/10.11646/ZOOTAXA.1342.1.1,
Asbestopluma_sp,12,Porifera,Schejter_etal_2020a,https://doi.org/10.1002/aqc.3265,
Ascidia_meridionalis,0,Ascidiacea,Tatian_etal_2005,https://doi.org/10.3989/scimar.2005.69s2205,
Astarte_sp,0,Bivalvia,Schejter_etal_2016,https://doi.org/10.1007/s00300-016-1913-2,
Astrotoma_agassizii,13,Echinodermata,Schejter_etal_2016; 2020a,https://doi.org/10.1007/s00300-016-1913-2,
Austrocidaris_canaliculata,0,Echinodermata,Schejter_etal_2016; Flores_etal_2019,https://doi.org/10.1007/s00300-016-1913-2,
Austrocidaris_spinulosida,0,Echinodermata,Schejter_etal_2016,https://doi.org/10.1007/s00300-016-1913-2,
Austrodoris_sp,2,Gastropoda,Schejter_etal_2016,https://doi.org/10.1007/s00300-016-1913-2,
Austrofilius_furcatus,0,Isopoda,Doti_etal_2020,https://doi.org/10.1007/s00300-020-02725-z,
Austrofilius_sp,0,Isopoda,Doti_etal_2020,https://doi.org/10.1007/s00300-020-02725-z,
Austronanus_dentatus,0,Isopoda,Doti_etal_2020,https://doi.org/10.1007/s00300-020-02725-z,
Azadinium_sp,0,Dinoflagellates,Guinder_etal_2020,https://doi.org/10.1371/journal.pone.0233156,As Dinoflagellates_auto
Bacteria,0,Bacteria,Guinder_etal_2020,https://doi.org/10.1371/journal.pone.0233156,
Balaenoptera_acutorostrata,8,MarineMammals_1,RayaRey_pers.com.,NA,
Balaenoptera_bonaerensis,8,MarineMammals_1,RayaRey_pers.com.,NA,
Balaenoptera_borealis,8,MarineMammals_1,RayaRey_pers.com.,NA,
Balaenoptera_physalus,8,MarineMammals_1,RayaRey_pers.com.,NA,
Balticina_africana,3,Cnidaria_benthic,Schejter_etal_2018; 2020b,https://ri.conicet.gov.ar/handle/11336/98394,
Bathybiaster_loripes,0,Echinodermata,Fraysse_etal_2018,https://doi.org/10.1007/s00300-018-2377-3,
Bathyraja_albomaculata,3,Fish_Chond,Delpiani_etal_2020; D√≠az de Astarloa_pers.com.,https://doi.org/10.1016/j.fishres.2019.105373,
Bathyraja_brachyurops,0,Fish_Chond,D√≠az de Astarloa_pers.com.,NA,
Bathyraja_cousseauae,0,Fish_Chond,D√≠az de Astarloa_pers.com.,NA,
Bathyraja_griseocauda,1,Fish_Chond,Delpiani_TallerCientifico_2021,NA,
Bathyraja_macloviana,3,Fish_Chond,D√≠az de Astarloa_pers.com.,NA,
Bathyraja_multispinis,0,Fish_Chond,Delpiani_TallerCientifico_2021,NA,
Bathyraja_scaphiops,3,Fish_Chond,Delpiani_TallerCientifico_2021,NA,
Boccardia_sp,0,Polychaeta,Bremec_etal_2019,http://dx.doi.org/10.15517/rbt.v67is5.38937,
Bolocera_kerguelensis,3,Cnidaria_benthic,Schejter_etal_2020b,https://doi.org/10.11646/zootaxa.4878.2.1,
Brachiopoda_spp,3,Brachiopoda,Schejter_etal_2016,https://doi.org/10.1007/s00300-016-1913-2,"Aggregated: Magellania_venosa, Liothyrella_uva & Terebratella_dorsata"
Bryozoa,13,Bryozoa,See species,NA,NA
Caecianiropsis_ectiformis,0,Isopoda,Doti_etal_2020,https://doi.org/10.1007/s00300-020-02725-z,
Calanus_spp,0,Zooplankton,Spinelli_etal_2020,https://doi.org/10.1016/j.jmarsys.2020.103398,Aggregated: Calanus_australis & C._australis
Calcarea,12,Porifera,Schejter_etal_2016,https://doi.org/10.1007/s00300-016-1913-2,
Calliostoma_spp,3,Gastropoda,DiLuca&Zelaya_2019,https://doi.org/10.11646/zootaxa.4544.1.2,
Callochiton_puniceus,0,Polyplacophora,Teso_etal_2019,https://doi.org/10.1186/s12898-019-0263-7,
Campanularia_sp,3,Cnidaria_benthic,Schejter_etal_2016; 2020b,https://doi.org/10.1007/s00300-016-1913-2,
Campylaspis_spp,0,Cumacea,Doti_etal_2020,https://doi.org/10.1007/s00300-020-02725-z,Aggregated: Campylaspis_frigida & Campylaspis_bacescui
Campylonotus_vagans,0,Decapoda,Lovrich_etal_2005; Schejter_etal_2016,https://doi.org/10.3989/scimar.2005.69s2183,
Careproctus_sp,0,Fish_BenPel,D√≠az de Astarloa_pers.com.,NA,
Ceramaster_patagonicus,3,Echinodermata,Fraysse_etal_2018,https://doi.org/10.1007/s00300-018-2377-3,
Chaetopterus_antarcticus,0,Polychaeta,Bremec_etal_2019,http://dx.doi.org/10.15517/rbt.v67is5.38937,
Cheiraster_(Luidiaster)_gerlachei,0,Echinodermata,Fraysse_etal_2018,https://doi.org/10.1007/s00300-018-2377-3,
Cirratulidae,0,Polychaeta,Spinelli_etal_2020,https://doi.org/10.1016/j.jmarsys.2020.103398,
Cladodactyla_crocea,0,Echinodermata,Martinez_pers.com.,NA,
Clathria_spp,14,Porifera,Schejter_etal_2017b,https://doi.org/10.11646/zootaxa.4312.3.11,Aggregated: Clathria species
Clausocalanus_spp,0,Zooplankton,Spinelli_etal_2020,https://doi.org/10.1016/j.jmarsys.2020.103398,Aggregated: Clausocalanus_brevipes & Cl._laticeps
Clavularia_sp,9,Coral,Schejter_etal_2016,https://doi.org/10.1007/s00300-016-1913-2,
Cnemidocarpa_spp,0,Ascidiacea,Taverna_etal_2018,https://doi.org/10.1007/s00300-018-2272-y,
Coelorinchus_fasciatus,0,Fish_Demersal,Delpiani_etal_2020; D√≠az de Astarloa_pers.com.,https://doi.org/10.1016/j.fishres.2019.105373,
Coelorinchus_kayomaru,0,Fish_Demersal,D√≠az de Astarloa_pers.com.,NA,
Coelorinchus_marinii,0,Fish_Demersal,Delpiani_etal_2020; D√≠az de Astarloa_pers.com.,https://doi.org/10.1016/j.fishres.2019.105373,
Colossendeis_megalonyx,0,Benthos_Misc,Krabbe_etal_2010,https://doi.org/10.1007/s00300-009-0703-5,
Colpospirella_algida,3,Gastropoda,DiLuca&Zelaya_2019,https://doi.org/10.11646/zootaxa.4544.1.2,
Convexella_magelhaenica,11,Coral,Schejter_etal_2020a; 2020b,https://doi.org/10.1002/aqc.3265,
Copepodite,0,Zooplankton,Bruno_pers.com.,NA,
Coperonus_comptus,0,Isopoda,Doti_etal_2020,https://doi.org/10.1007/s00300-020-02725-z,
Cosmasterias_lurida,3,Echinodermata,Fraysse_etal_2018,https://doi.org/10.1007/s00300-018-2377-3,
Cottoperca_trigloides,0,Fish_BenPel,D√≠az de Astarloa_pers.com.,NA,
Cottunculus_granulosus,0,Fish_Demersal,Delpiani_etal_2020; D√≠az de Astarloa_pers.com.,https://doi.org/10.1016/j.fishres.2019.105373,
Cryosignum_sp,0,Isopoda,Doti_etal_2020,https://doi.org/10.1007/s00300-020-02725-z,
Ctenocalanus_vanus,0,Copepoda,Spinelli_etal_2020,https://doi.org/10.1016/j.jmarsys.2020.103398,
Ctenodiscus_australis,0,Echinodermata,Rivadeneira_etal_2017; Fraysse_etal_2018,https://doi.org/10.3354/meps12296,
Cumella_argentinae,0,Cumacea,Doti_etal_2020,https://doi.org/10.1007/s00300-020-02725-z,
Cyclochlamys_argentina,0,Bivalvia,Pastorino&Griffin_2018,https://doi.org/10.1080/03115518.2018.1440005,
Cyrtostrombidium_sp,5,Ciliates,Guinder_etal_2020,https://doi.org/10.1371/journal.pone.0233156,
Cystodytes_antarcticus,0,Ascidiacea,Tatian_etal_2005,https://doi.org/10.3989/scimar.2005.69s2205,
Dactylanthus_antarcticus,0,Cnidaria_benthic,Schejter_etal_2020b,https://doi.org/10.11646/zootaxa.4878.2.1,
Daption_capense,0,SeaBirds,RayaRey_pers.com.,NA,
Desmosoma_sp,0,Isopoda,Doti_etal_2020,https://doi.org/10.1007/s00300-020-02725-z,
Detritus,0,Non-living,Riccialdelli_pers.com.,NA,
Diastylis_granulata,0,Cumacea,Doti_etal_2020,https://doi.org/10.1007/s00300-020-02725-z,
Diastylis_hammoniae,0,Cumacea,Doti_etal_2020,https://doi.org/10.1007/s00300-020-02725-z,
Diastylis_planifrons,0,Cumacea,Doti_etal_2020,https://doi.org/10.1007/s00300-020-02725-z,
Diatoms_benthic,0,Diatoms,Guinder_etal_2020,https://doi.org/10.1371/journal.pone.0233156,Aggregated: Paralia_sulcata & Thalassionema_nitzschioides
Diatoms_centric,0,Diatoms,Guinder_etal_2020,https://doi.org/10.1371/journal.pone.0233156,Aggregated: Podosira_stelliger & Coscinodiscus_sp
Diatoms_pennate,0,Diatoms,Guinder_etal_2020,https://doi.org/10.1371/journal.pone.0233156,"Aggregated: Fragilariopsis_kerguelensis, Navicula_sp, Pseudonitzschia_sp & Tabularia_fasciculata"
Dictyocha_speculum,0,Silicoflagellates,Guinder_etal_2020,https://doi.org/10.1371/journal.pone.0233156,
Didemnum_studeri,0,Ascidiacea,GBIF,https://www.gbif.org/species/2329803,
Dinoflagellates_heterosol,0,Dinoflagellates,Guinder_etal_2020,https://doi.org/10.1371/journal.pone.0233156,"Aggregated: Dinophysis_acuminata, Gyrodinium_sp, Gyrodinium_spirale, Protoperidinium_sp"
Diomedea_sp,0,SeaBirds,RayaRey_pers.com.,NA,
Diplasterias_brucei,0,Echinodermata,Fraysse_etal_2018,https://doi.org/10.1007/s00300-018-2377-3,
Diplodontias_singularis,0,Echinodermata,Fraysse_etal_2018,https://doi.org/10.1007/s00300-018-2377-3,
Diplopteraster_clarki,0,Echinodermata,Schejter_etal_2016,https://doi.org/10.1007/s00300-016-1913-2,
Dissostichus_eleginoides,15,Fish_BenPel,D√≠az de Astarloa_pers.com.,NA,
Doryteuthis_gahi,16,Cephalopoda,Riccialdelli_pers.com.,NA,
Drepanopus_forcipatus,0,Copepoda,Spinelli_etal_2020,https://doi.org/10.1016/j.jmarsys.2020.103398,
Eatoniella_spp,0,Gastropoda,DiLuca&Zelaya_2019,https://doi.org/10.11646/zootaxa.4544.1.2,
Echinozone_sp,0,Isopoda,Doti_etal_2020,https://doi.org/10.1007/s00300-020-02725-z,
Eggs_Fish,0,Zooplankton,GarciaAlonso_etal_2018; Vazquez_etal_2017,https://doi.org/10.1007/s00300-018-2352-z,Taken from Sprattus_fueguensis; Schroedericthys_bivius
Ekleptostylis_heardi,0,Cumacea,Doti_etal_2020,https://doi.org/10.1007/s00300-020-02725-z,
Ekleptostylis_vemae,0,Cumacea,Doti_etal_2020,https://doi.org/10.1007/s00300-020-02725-z,
Emiliania_huxleyi,0,Coccolithophorids,Guinder_etal_2020,https://doi.org/10.1371/journal.pone.0233156,
Enteroctopodidae,0,Cephalopoda,Bergagna_pers.com,NA,Aggregated: Enteroctopus_megalocyathus & Muusoctopus_longibrachus
Epitonium_sp,0,Gastropoda,Schejter_etal_2016,https://doi.org/10.1007/s00300-016-1913-2,
Eteone_spp,0,Polychaeta,Schejter_etal_2016,https://doi.org/10.1007/s00300-016-1913-2,
Eubalaena_australis,8,MarineMammals_1,RayaRey_pers.com.,NA,
Eucranta_sp,0,Polychaeta,Bremec_etal_2019,http://dx.doi.org/10.15517/rbt.v67is5.38937,
Eudorella_sp,0,Cumacea,Doti_etal_2020,https://doi.org/10.1007/s00300-020-02725-z,
Eudyptes_chrysocome,8,SeaBirds,RayaRey_pers.com.,NA,
Eukrohnia_hamata,0,Zooplankton,Mazzoni_1990,https://bibliotecadigital.exactas.uba.ar/download/tesis/tesis_n2310_Mazzoni.pdf,
Eunereis_patagonica,0,Polychaeta,Bremec_etal_2019,http://dx.doi.org/10.15517/rbt.v67is5.38937,
Eunice_pennata,0,Polychaeta,Bremec_etal_2019,http://dx.doi.org/10.15517/rbt.v67is5.38937,
Euphausia_spp,0,Zooplankton,Spinelli_etal_2020,https://doi.org/10.1016/j.jmarsys.2020.103398,Aggregated: E._lucens & E._vallentini
Eurhomalea_sp,3,Bivalvia,Schejter_etal_2016,https://doi.org/10.1007/s00300-016-1913-2,Taken from Eurhomalea_exalbida
Eurypodius_latreillii,0,Decapoda,Lovrich_etal_2005; Schejter_etal_2017a,https://doi.org/10.3989/scimar.2005.69s2183,
Eurypodius_longirostris,0,Decapoda,Lovrich_etal_2005; Schejter_etal_2016,https://doi.org/10.3989/scimar.2005.69s2183,
Eurypodius_sp,0,Decapoda,Lovrich_etal_2005,https://doi.org/10.3989/scimar.2005.69s2183,
Falsilunatia_carcellesi,0,Gastropoda,Teso_etal_2019,https://doi.org/10.1186/s12898-019-0263-7,
Flabellum_spp,12,Coral,Schejter_etal_2020b,https://doi.org/10.11646/zootaxa.4878.2.1,
Foraminifera,0,Foraminifera,Guinder_etal_2020,https://doi.org/10.1371/journal.pone.0233156,
Fuegotrophon_pallidus,3,Gastropoda,DiLuca&Zelaya_2019,https://doi.org/10.11646/zootaxa.4544.1.2,
Fulmarus_glacialoides,0,SeaBirds,RayaRey_pers.com.,NA,
Fusitriton_magellanicus,3,Gastropoda,Teso_etal_2019,https://doi.org/10.1186/s12898-019-0263-7,
Genypterus_blacodes,1,Fish_Demersal,Delpiani_etal_2020; D√≠az de Astarloa_pers.com.,https://doi.org/10.1016/j.fishres.2019.105373,
Glabraster_antarctica,0,Echinodermata,Fraysse_etal_2018,https://doi.org/10.1007/s00300-018-2377-3,
Globicephala_melas,8,MarineMammals_3,RayaRey_pers.com.,NA,
Glycera_spp,0,Polychaeta,Bremec_etal_2019,http://dx.doi.org/10.15517/rbt.v67is5.38937,
Gorgonocephalus_chilensis,6,Echinodermata,Schejter_etal_2016; 2020a,https://doi.org/10.1007/s00300-016-1913-2,
Grimothea_gregaria,0,Decapoda,Diez_etal_2016; Schejter_etal_2016,https://doi.org/10.1016/j.seares.2016.04.004,
Grimothea_spinosa,0,Decapoda,Lovrich_etal_2005,https://doi.org/10.3989/scimar.2005.69s2183,
Guttigadus_kongi,0,Fish_Demersal,Delpiani_etal_2020; D√≠az de Astarloa_pers.com.,https://doi.org/10.1016/j.fishres.2019.105373,
Gymnodinium_sp,0,Dinoflagellates,Guinder_etal_2020,https://doi.org/10.1371/journal.pone.0233156,As Dinoflagellates_heterocol
Gyrodinium_sp,0,Dinoflagellates,Guinder_etal_2020,https://doi.org/10.1371/journal.pone.0233156,Collapsed as Dinoflagellates_heterosol
Halicarcinus_planatus,0,Decapoda,Schejter_etal_2016,https://doi.org/10.1007/s00300-016-1913-2,
Halichondrida,14,Porifera,Schejter_etal_2016,https://doi.org/10.1007/s00300-016-1913-2,
Haplocheira_barbimana_robusta,9,Amphipoda,Lopez-Gappa_etal_2006; Chiesa_pers.com.,https://doi.org/10.11646/ZOOTAXA.1342.1.1,
Haplosclerida,14,Porifera,Schejter_etal_2016,https://doi.org/10.1007/s00300-016-1913-2,
Harmothoe_sp,0,Polychaeta,Bremec_etal_2019; Spinelli_etal_2020,http://dx.doi.org/10.15517/rbt.v67is5.38937,
Hemilamprops_chilensis,0,Cumacea,Doti_etal_2020,https://doi.org/10.1007/s00300-020-02725-z,
Henricia_obesa,3,Echinodermata,Fraysse_etal_2018,https://doi.org/10.1007/s00300-018-2377-3,
Henricia_studeri,0,Echinodermata,Fraysse_etal_2018,https://doi.org/10.1007/s00300-018-2377-3,
Hermadion_magalhaensi,0,Polychaeta,Bremec_etal_2019,http://dx.doi.org/10.15517/rbt.v67is5.38937,
Hexactinellida,14,Porifera,Schejter_etal_2016,https://doi.org/10.1007/s00300-016-1913-2,
Hiatella_sp,0,Bivalvia,G√ºller_etal_2020,https://doi.org/10.1371/journal.pone.0233156,Taken from Hiatella_arctica
Hippasteria_falklandica,0,Echinodermata,Fraysse_etal_2018,https://doi.org/10.1007/s00300-018-2377-3,
Holostylis_uniramosa,0,Cumacea,Roccatagliata&Alberico_2015; Doti_etal_2020,https://doi.org/10.1007/s12526-015-0349-1,
Hormathia_pectinata,3,Cnidaria_benthic,Schejter_etal_2020b,https://doi.org/10.11646/zootaxa.4878.2.1,
Hyalinoecia_artifex,0,Polychaeta,Bremec_etal_2019,http://dx.doi.org/10.15517/rbt.v67is5.38937,
Hyperoodon_planifrons,0,MarineMammals_3,Riccialdelli_etal_2017,https://doi.org/10.3354/meps12296,
Ianiropsis_sp,0,Isopoda,Doti_etal_2020,https://doi.org/10.1007/s00300-020-02725-z,
Ianthopsis_laevis,0,Isopoda,Doti_etal_2020,https://doi.org/10.1007/s00300-020-02725-z,
Iathrippa_menziesi,0,Isopoda,Doti_etal_2020,https://doi.org/10.1007/s00300-020-02725-z,
Iathrippa_multidens,0,Isopoda,Doti_etal_2020,https://doi.org/10.1007/s00300-020-02725-z,
Iathrippa_sp,0,Isopoda,Doti_etal_2020,https://doi.org/10.1007/s00300-020-02725-z,
Idanthyrsus_macropaleus,0,Polychaeta,Schejter_etal_2016; Bremec_etal_2019,https://doi.org/10.1007/s00300-016-1913-2,
Ideogorgia_laurae,12,Coral,P√©rez&Cordeiro_2020; Schejter_etal_2020b,https://doi.org/10.1007/s00300-019-02604-2,
Iluocoetes_fimbriatus,0,Fish_Demersal,Delpiani_etal_2020; D√≠az de Astarloa_pers.com.,https://doi.org/10.1016/j.fishres.2019.105373,
Isosicyonis_alba,3,Cnidaria_benthic,Schejter_etal_2020b,https://doi.org/10.11646/zootaxa.4878.2.1,
Jassa_alonsoae,0,Amphipoda,Lopez-Gappa_etal_2006; Chiesa_pers.com.,https://doi.org/10.11646/ZOOTAXA.1342.1.1,
Joeropsis_curvicornis,0,Isopoda,Doti_etal_2020,https://doi.org/10.1007/s00300-020-02725-z,
Joeropsis_intermedius,0,Isopoda,Doti_etal_2020,https://doi.org/10.1007/s00300-020-02725-z,
Joeropsis_sp,0,Isopoda,Doti_etal_2020,https://doi.org/10.1007/s00300-020-02725-z,
Laboea_strobila,5,Ciliates,Guinder_etal_2020,https://doi.org/10.1371/journal.pone.0233156,
Laetmonice_producta,0,Polychaeta,Bremec_etal_2019,http://dx.doi.org/10.15517/rbt.v67is5.38937,
Lagenorhynchus_australis,0,MarineMammals_2,RayaRey_pers.com.,NA,
Lagenorhynchus_cruciger,0,MarineMammals_2,RayaRey_pers.com.; Dellabianca_etal_2012,https://doi.org/10.1007/s00300-012-1217-0,
Lanice_sp,0,Polychaeta,Bremec_etal_2019,http://dx.doi.org/10.15517/rbt.v67is5.38937,
Larvae_Fish,0,Zooplankton,GarciaAlonso_etal_2018; 2020,https://doi.org/10.1007/s00300-018-2352-z,
Larvae_Nauplii,0,Zooplankton,Spinelli_etal_2020,https://doi.org/10.1016/j.jmarsys.2020.103398,
Latrunculia_sp,18,Porifera,Schejter_etal_2016,https://doi.org/10.1007/s00300-016-1913-2,
Lepidonotothen_squamifrons,0,Fish_BenPel,D√≠az de Astarloa_pers.com.,NA,
Leptochiton_kerguelensis,0,Polyplacophora,Teso_etal_2019,https://doi.org/10.1186/s12898-019-0263-7,
Leptochiton_medinae,0,Polyplacophora,Teso_etal_2019,https://doi.org/10.1186/s12898-019-0263-7,
Leptychaster_sp,0,Echinodermata,Fraysse_etal_2018,https://doi.org/10.1007/s00300-018-2377-3,
Leucon_septemdentatus,0,Cumacea,Doti_etal_2020,https://doi.org/10.1007/s00300-020-02725-z,
Leucothoe_spinicarpa,0,Amphipoda,Schejter_etal_2016,https://doi.org/10.1007/s00300-016-1913-2,
Libidoclaea_granaria,0,Decapoda,Fischer_etal_2022,https://doi.org/10.1007/s00300-022-03082-9,
Limopsis_sp,0,Bivalvia,Schejter_etal_2016,https://doi.org/10.1007/s00300-016-1913-2,Taken from Limopsis_hirtella
Liotella_crassicostata,0,Gastropoda,DiLuca&Zelaya_2019,https://doi.org/10.11646/zootaxa.4544.1.2,
Lithodes_confundens,0,Decapoda,Lovrich_etal_2005; P√©rez-Barros_etal_2015; Schejter_etal_2016,https://doi.org/10.3989/scimar.2005.69s2183,
Lithodes_couesi,0,Decapoda,P√©rez-Barros_etal_2020,https://doi.org/10.1007/s00300-019-02609-x,
Lithodes_turkayi,0,Decapoda,Stevens&Lovrich_2014,https://doi.org/10.1201/b16664,
Lohmanniella_sp,5,Ciliates,Guinder_etal_2020,https://doi.org/10.1371/journal.pone.0233156,
Lumbrineridae,0,Polychaeta,Bremec_etal_2019,http://dx.doi.org/10.15517/rbt.v67is5.38937,
Lysasterias_sp,0,Echinodermata,Fraysse_etal_2018,https://doi.org/10.1007/s00300-018-2377-3,
Macrochiridothea_stebbingi,0,Isopoda,Doti_etal_2020,https://doi.org/10.1007/s00300-020-02725-z,
Macronectes_giganteus,8,SeaBirds,RayaRey_pers.com.,NA,
Macronectes_halli,0,SeaBirds,RayaRey_pers.com.,NA,
Macrourus_carinatus,0,Fish_BenPel,Delpiani_etal_2020; D√≠az de Astarloa_pers.com.,https://doi.org/10.1016/j.fishres.2019.105373,
Macrourus_holotrachys,0,Fish_BenPel,Delpiani_etal_2020; D√≠az de Astarloa_pers.com.,https://doi.org/10.1016/j.fishres.2019.105373,
Macrourus_whitsoni,0,Fish_BenPel,Zunino&Ichazo_1979,https://aquadocs.org/handle/1834/3126,
Macruronus_novaezelandiae,1,Fish_BenPel,CampaignReport_Angelescu2018,https://www.pampazul.gob.ar/documentos/Informe-campania-VA1418-final.pdf,Synonym of Macruronus_magellanicus
Magelona_alleni,0,Polychaeta,Spinelli_etal_2020,https://doi.org/10.1016/j.jmarsys.2020.103398,
Maldanidae,0,Polychaeta,Bremec_etal_2019,http://dx.doi.org/10.15517/rbt.v67is5.38937,
Mancopsetta_maculata,0,Fish_Demersal,Delpiani_etal_2020; D√≠az de Astarloa_pers.com.,https://doi.org/10.1016/j.fishres.2019.105373,
Margarella_spp,3,Gastropoda,DiLuca&Zelaya_2019,https://doi.org/10.11646/zootaxa.4544.1.2,
Melanostigma_gelatinosum,0,Fish_Demersal,D√≠az de Astarloa_pers.com.,NA,
Meridiosignum_menziesi,0,Isopoda,Doti_etal_2020,https://doi.org/10.1007/s00300-020-02725-z,
Meridiosignum_undulatum,0,Isopoda,Doti_etal_2020,https://doi.org/10.1007/s00300-020-02725-z,
Mesoplodon_bowdoini,0,MarineMammals_3,Riccialdelli_etal_2017,https://doi.org/10.3354/meps12296,
Mesoplodon_grayi,0,MarineMammals_3,Riccialdelli_etal_2017,https://doi.org/10.3354/meps12296,
Mesoplodon_layardii,0,MarineMammals_3,Riccialdelli_etal_2017,https://doi.org/10.3354/meps12296,
Metepimeria_acanthurus,0,Amphipoda,Schejter_etal_2016,https://doi.org/10.1007/s00300-016-1913-2,
Micromesistius_australis,10,Fish_Pel,Zunino&Ichazo_1979,https://aquadocs.org/handle/1834/3126,
Moruloidea_darwinii,0,Isopoda,Doti_etal_2020,https://doi.org/10.1007/s00300-020-02725-z,
Munna_gallardoi,0,Isopoda,Doti_etal_2020,https://doi.org/10.1007/s00300-020-02725-z,
Munna_longipoda,0,Isopoda,Doti_etal_2020,https://doi.org/10.1007/s00300-020-02725-z,
Munna_pallida,0,Isopoda,Doti_etal_2020,https://doi.org/10.1007/s00300-020-02725-z,
Munnogonium_diplonychia,0,Isopoda,Doti_etal_2020,https://doi.org/10.1007/s00300-020-02725-z,
Munnogonium_falklandicum,0,Isopoda,Doti_etal_2020,https://doi.org/10.1007/s00300-020-02725-z,
Muraenolepis_spp,0,Fish_BenPel,D√≠az de Astarloa_pers.com.,NA,
Myxine_spp,0,Fish_Demersal,Delpiani_etal_2020; D√≠az de Astarloa_pers.com.,https://doi.org/10.1016/j.fishres.2019.105373,
Natatolana_pastorei,0,Isopoda,Schejter_etal_2016,https://doi.org/10.1007/s00300-016-1913-2,
Neasellus_argentinensis,0,Isopoda,Doti_etal_2020,https://doi.org/10.1007/s00300-020-02725-z,
Neasellus_bicarinatus,0,Isopoda,Doti_etal_2020,https://doi.org/10.1007/s00300-020-02725-z,
Necromass,0,Non-living,Riccialdelli_etal_2017,https://doi.org/10.3354/meps13524,
Neocalanus_tonsus,0,Copepoda,Spinelli_etal_2020,https://doi.org/10.1016/j.jmarsys.2020.103398,
Neojaera_antarctica,0,Isopoda,Doti_etal_2020,https://doi.org/10.1007/s00300-020-02725-z,
Neoserolis_exigua,0,Isopoda,Doti_etal_2020,https://doi.org/10.1007/s00300-020-02725-z,
Nephtys_sp,0,Polychaeta,Bremec_etal_2019,http://dx.doi.org/10.15517/rbt.v67is5.38937,
Nicolea_chilensis,0,Polychaeta,Bremec_etal_2019,http://dx.doi.org/10.15517/rbt.v67is5.38937,
Nicon_maculata,0,Polychaeta,Bremec_etal_2019,http://dx.doi.org/10.15517/rbt.v67is5.38937,
Nothria_anoculata,0,Polychaeta,Bremec_etal_2019,http://dx.doi.org/10.15517/rbt.v67is5.38937,
Notioceramus_anomalus,0,Echinodermata,Fraysse_etal_2018,https://doi.org/10.1007/s00300-018-2377-3,
Notophycis_marginata,0,Fish_BenPel,Delpiani_etal_2020; D√≠az de Astarloa_pers.com.,https://doi.org/10.1016/j.fishres.2019.105373,
Nuttallochiton_hyadesi,0,Polyplacophora,Teso_etal_2019,https://doi.org/10.1186/s12898-019-0263-7,
Nuttallochiton_martiali,0,Polyplacophora,Teso_etal_2019,https://doi.org/10.1186/s12898-019-0263-7,
Obelia_spp,0,Zooplankton,Schejter_etal_2020b,https://doi.org/10.11646/zootaxa.4878.2.1,
Oceanites_sp,0,SeaBirds,RayaRey_pers.com.,NA,Taken from Oceanites_oceanicus
Odontaster_penicillatus,3,Echinodermata,Schejter_etal_2016; Fraysse_etal_2018,https://doi.org/10.1007/s00300-016-1913-2,
Odontaster_sp,0,Echinodermata,Fraysse_etal_2018,https://doi.org/10.1007/s00300-018-2377-3,
Odontasteridae,0,Echinodermata,Schejter_etal_2016,https://doi.org/10.1007/s00300-016-1913-2,
Odontocymbiola_magellanica,0,Gastropoda,Teso_etal_2019,https://doi.org/10.1186/s12898-019-0263-7,
Odostomia_sp,0,Gastropoda,DiLuca&Zelaya_2019,https://doi.org/10.11646/zootaxa.4544.1.2,
Oenonidae,0,Polychaeta,Schejter_etal_2016; Bremec_etal_2019,https://doi.org/10.1007/s00300-016-1913-2,
Oithona_spp,0,Copepoda,Spinelli_etal_2020,https://doi.org/10.1016/j.jmarsys.2020.103398,Aggregated: Oithona_atlantica & O._similis
Onoba_spp,0,Gastropoda,DiLuca&Zelaya_2019,https://doi.org/10.11646/zootaxa.4544.1.2,
Onuphis_pseudoiridescens,0,Polychaeta,Bremec_etal_2019,http://dx.doi.org/10.15517/rbt.v67is5.38937,
Ophiacantha_sp,6,Echinodermata,Schejter_etal_2016; 2020a,https://doi.org/10.1007/s00300-016-1913-2,
Ophiacantha_vivipara,6,Echinodermata,Schejter_etal_2017a; 2020a,https://ri.conicet.gov.ar/handle/11336/55435,
Ophiactis_sp,6,Echinodermata,Schejter_etal_2016; 2020a; Brogger_pers.com.,NA,Aggregated: Ophiactis_asperula & Ophiactis_spp
Ophiocten_amitinum,6,Echinodermata,Brogger_pers.com.,NA,
Ophiolimna_antarctica,6,Echinodermata,Schejter_etal_2016,https://doi.org/10.1007/s00300-016-1913-2,
Ophioplinthus_confragosa,6,Echinodermata,Brogger_pers.com.,NA,
Ophioplinthus_inornata,6,Echinodermata,Brogger_pers.com.,NA,
Ophiura_lymani,6,Echinodermata,Schejter_etal_2016; 2020a,https://doi.org/10.1007/s00300-016-1913-2,
Orbiniidae,3,Polychaeta,Schejter_etal_2016,https://doi.org/10.1007/s00300-016-1913-2,
Ornatoscalpellum_gibberum,3,Benthos_Misc,Schejter_etal_2016,https://doi.org/10.1007/s00300-016-1913-2,
Otaria_flavescens,8,MarineMammals_2,RayaRey_pers.com.,NA,
Pachyptila_sp,0,SeaBirds,RayaRey_pers.com.,NA,Taken from Pachyptila_belcheri
Pagurus_comptus,0,Decapoda,Lovrich_etal_2005; Schejter_etal_2016,https://doi.org/10.3989/scimar.2005.69s2183,
Pagurus_forceps,0,Decapoda,Lovrich_etal_2005,https://doi.org/10.3989/scimar.2005.69s2183,Inferred from P. comptus
Parabuccinum_politum,3,Gastropoda,Pastorino_2019,https://doi.org/10.1007/s12526-018-0876-7,
Paractis_laevis,0,Cnidaria_benthic,Schejter_etal_2020b,https://doi.org/10.11646/zootaxa.4878.2.1,
Paralomis_granulosa,0,Decapoda,Schejter_etal_2016; P√©rez-Barros_etal_2020,https://doi.org/10.1007/s00300-016-1913-2,
Paralomis_spinosissima,0,Decapoda,P√©rez-Barros_etal_2020,https://doi.org/10.1007/s00300-019-02609-x,
Paramunna_integra,0,Isopoda,Doti_etal_2020,https://doi.org/10.1007/s00300-020-02725-z,
Paraonidae,0,Polychaeta,Schejter_etal_2016; Bremec_etal_2019,https://doi.org/10.1007/s00300-016-1913-2,
Parborlasia_corrugatus,0,Benthos_Misc,Fischer_etal_2022,https://doi.org/10.1007/s00300-022-03082-9,
Pareuthria_spp,3,Gastropoda,DiLuca&Zelaya_2019,https://doi.org/10.11646/zootaxa.4544.1.2,
Patagonotothen_cornucola,0,Fish_BenPel,Delpiani_etal_2020; D√≠az de Astarloa_pers.com.,https://doi.org/10.1016/j.fishres.2019.105373,
Patagonotothen_elegans,0,Fish_BenPel,Delpiani_etal_2020; D√≠az de Astarloa_pers.com.,https://doi.org/10.1016/j.fishres.2019.105373,
Patagonotothen_guntheri,0,Fish_BenPel,Schejter_etal_2016; D√≠az de Astarloa_pers.com.,https://doi.org/10.1007/s00300-016-1913-2,
Patagonotothen_kreffti,19,Fish_BenPel,Delpiani_etal_2020,https://doi.org/10.1016/j.fishres.2019.105373,
Patagonotothen_ramsayi,20,Fish_BenPel,Delpiani_etal_2020; D√≠az de Astarloa_pers.com.,https://doi.org/10.1016/j.fishres.2019.105373,
Pelagobia_longicirrata,0,Polychaeta,Spinelli_etal_2020,https://doi.org/10.1016/j.jmarsys.2020.103398,
Pelecanoides_sp,0,SeaBirds,RayaRey_pers.com.,NA,
Pellilitorina_pellita,0,Gastropoda,DiLuca&Zelaya_2019,https://doi.org/10.11646/zootaxa.4544.1.2,
Pentactella_leonina,0,Echinodermata,Schejter_etal_2016,https://doi.org/10.1007/s00300-016-1913-2,
Pentactella_perrieri,0,Echinodermata,Martinez_etal_2020,https://doi.org/10.1007/s00300-020-02715-1,
Perknaster_fuscus,0,Echinodermata,Fraysse_etal_2018,https://doi.org/10.1007/s00300-018-2377-3,
Perknaster_sp,0,Echinodermata,Schejter_etal_2016,https://doi.org/10.1007/s00300-016-1913-2,
Phaeocystis_antarctica,0,Coccolithophorids,Guinder_etal_2020,https://doi.org/10.1371/journal.pone.0233156,
Phalacrocorax_atriceps,8,SeaBirds,RayaRey_pers.com.,NA,
Phelliactis_sp,0,Cnidaria_benthic,Schejter_etal_2020b,https://doi.org/10.11646/zootaxa.4878.2.1,
Phoxocephalus_sp,0,Amphipoda,Fischer_etal_2022,https://doi.org/10.1007/s00300-022-03082-9,
Pista_spp,0,Polychaeta,Bremec_etal_2019,http://dx.doi.org/10.15517/rbt.v67is5.38937,
Platytyphlops_sarahae,0,Cumacea,Roccatagliata_2020,https://doi.org/10.1016/j.jcz.2020.03.009,
Pleurosignum_chilense,0,Isopoda,Doti_etal_2020,https://doi.org/10.1007/s00300-020-02725-z,
Pleurosignum_magnum,0,Isopoda,Doti_etal_2020,https://doi.org/10.1007/s00300-020-02725-z,
Poecilosclerida,14,Porifera,Schejter_etal_2016,https://doi.org/10.1007/s00300-016-1913-2,
Pogonolycus_elegans,0,Fish_BenPel,Delpiani_etal_2020; D√≠az de Astarloa_pers.com.,https://doi.org/10.1016/j.fishres.2019.105373,
Polycheria_spp,0,Amphipoda,Lopez-Gappa_etal_2006; Chiesa_pers.com.,https://doi.org/10.11646/ZOOTAXA.1342.1.1,Aggregated: Polycheria_antarctica & P._similis
Polycitor_glareosus,0,Ascidiacea,Tatian_etal_2005,https://doi.org/10.3989/scimar.2005.69s2205,
Polyclinidae,0,Ascidiacea,Tatian_etal_2005,https://doi.org/10.3989/scimar.2005.69s2205,
Polydora_sp,0,Polychaeta,Spinelli_etal_2020,https://doi.org/10.1016/j.jmarsys.2020.103398,
Polyeunoa_laevis,0,Polychaeta,Schejter_etal_2016; Bremec_etal_2019,https://doi.org/10.1007/s00300-016-1913-2,
Potamilla_sp,0,Polychaeta,Schejter_etal_2016,https://doi.org/10.1007/s00300-016-1913-2,
Primnoella_scotiae,12,Coral,Schejter_etal_2020a; 2020b,https://doi.org/10.1002/aqc.3265,
Primnoisis_antarctica,12,Coral,Schejter_etal_2020b,https://doi.org/10.11646/zootaxa.4878.2.1,
Procellaria_aequinoctialis,0,SeaBirds,RayaRey_pers.com.,NA,
Prosipho_crassicostatus,0,Gastropoda,DiLuca&Zelaya_2019,https://doi.org/10.11646/zootaxa.4544.1.2,
Protoperidinium_sp,0,Dinoflagellates,Guinder_etal_2020,https://doi.org/10.1371/journal.pone.0233156,Collapsed as Dinoflagellates_heterosol
Psammobatis_rudis,3,Fish_Chond,D√≠az de Astarloa_pers.com.,NA,
Pseudechinus_magellanicus,0,Echinodermata,Schejter_etal_2016,https://doi.org/10.1007/s00300-016-1913-2,
Pseudidothea_miersi,0,Isopoda,Doti_etal_2020,https://doi.org/10.1007/s00300-020-02725-z,
Pseudosagitta_gazellae,0,Zooplankton,Spinelli_etal_2020,https://doi.org/10.1016/j.jmarsys.2020.103398,
Psolus_antarcticus,0,Echinodermata,Schejter_etal_2016; Martinez_pers.com.,https://doi.org/10.1007/s00300-016-1913-2,
Psolus_patagonicus,0,Echinodermata,Schejter_etal_2016; Martinez_pers.com.,https://doi.org/10.1007/s00300-016-1913-2,
Psolus_segregatus,0,Echinodermata,Schejter_etal_2016; Martinez_pers.com.,https://doi.org/10.1007/s00300-016-1913-2,
Psychrolutes_marmoratus,0,Fish_Demersal,Delpiani_etal_2020; D√≠az de Astarloa_pers.com.,https://doi.org/10.1016/j.fishres.2019.105373,
Pteraster_affinis,3,Echinodermata,Fraysse_etal_2018,https://doi.org/10.1007/s00300-018-2377-3,
Pteraster_sp,0,Echinodermata,Fraysse_etal_2018,https://doi.org/10.1007/s00300-018-2377-3,
Puncturella_conica,0,Gastropoda,DiLuca&Zelaya_2019,https://doi.org/10.11646/zootaxa.4544.1.2,
Pyura_spp,0,Ascidiacea,Taverna_etal_2018,https://doi.org/10.1007/s00300-018-2272-y,
Quetzogonium_dentatum,0,Isopoda,Doti_etal_2020,https://doi.org/10.1007/s00300-020-02725-z,
Rectarcturus_kophameli,0,Isopoda,Doti_etal_2020,https://doi.org/10.1007/s00300-020-02725-z,
Rectarcturus_tuberculatus,0,Isopoda,Doti_etal_2020,https://doi.org/10.1007/s00300-020-02725-z,
Rhincalanus_gigas,0,Copepoda,Spinelli_etal_2020,https://doi.org/10.1016/j.jmarsys.2020.103398,
Rhizosolenia_crassa,0,Diatoms,Bertola&Iachetti_TallerCientifico_2021,NA,Video Bertola&Iachetti
Rhodalia_miranda,0,Cnidaria_benthic,Schejter_etal_2020b,https://doi.org/10.11646/zootaxa.4878.2.1,
Sabellidae,0,Polychaeta,Schejter_etal_2016; Bremec_etal_2019; Spinelli_etal_2020,NA,NA
Salilota_australis,0,Fish_Demersal,Delpiani_etal_2020; D√≠az de Astarloa_pers.com.,https://doi.org/10.1016/j.fishres.2019.105373,
Salpa_thompsoni,0,Zooplankton,Capitanio_pers.com.,NA,
Santia_compacta,0,Isopoda,Doti_etal_2020,https://doi.org/10.1007/s00300-020-02725-z,
Schizasteridae,0,Echinodermata,Schejter_etal_2016,https://doi.org/10.1007/s00300-016-1913-2,
Scissurella_clathrata,0,Gastropoda,DiLuca&Zelaya_2019,https://doi.org/10.11646/zootaxa.4544.1.2,
Seba_subantarctica,0,Amphipoda,Lopez-Gappa_etal_2006; Chiesa_pers.com.,https://doi.org/10.11646/ZOOTAXA.1342.1.1,
Serpula_spp,0,Polychaeta,Schejter_etal_2016,https://doi.org/10.1007/s00300-016-1913-2,
Serratosagitta_tasmanica,0,Zooplankton,Sotelo_etal_2018,https://doi.org/10.1080/17451000.2018.1550257,
Spheniscus_magellanicus,8,SeaBirds,RayaRey_pers.com.,NA,
Spiophanes_sp,0,Polychaeta,Spinelli_etal_2020,https://doi.org/10.1016/j.jmarsys.2020.103398,
Sporonana_sp,0,Isopoda,Doti_etal_2020,https://doi.org/10.1007/s00300-020-02725-z,
Sprattus_fuegensis,21,Fish_Pel,GarciaAlonso_etal_2018,https://doi.org/10.1007/s00300-018-2352-z,
Squalus_acanthias,0,Fish_Chond,Cousseau&Perrotta_2000,https://www.inidep.edu.ar/wordpress/?page_id=839,
Stenothoidae,0,Amphipoda,Lopez-Gappa_etal_2006; Chiesa_pers.com.,https://doi.org/10.11646/ZOOTAXA.1342.1.1,"Aggregated: Thaumatelson_herdmani, Metopoides_longicornis, Probolisca_ovata & Torometopa_crassicornis"
Sterechinus_agassizii,0,Echinodermata,Schejter_etal_2016,https://doi.org/10.1007/s00300-016-1913-2,
Strobilidium_sp,5,Ciliates,Guinder_etal_2020,https://doi.org/10.1371/journal.pone.0233156,
Strombidinopsis_sp,5,Ciliates,Guinder_etal_2020,https://doi.org/10.1371/journal.pone.0233156,
Strombidium_spp,5,Ciliates,Guinder_etal_2020,https://doi.org/10.1371/journal.pone.0233156,
Sycozoa_sigillinoides,0,Ascidiacea,GBIF,https://www.gbif.org/species/2331330,
Syllidae,0,Polychaeta,Schejter_etal_2016; Bremec_etal_2019,NA,NA
Sympagurus_dimorphus,0,Decapoda,Lovrich_pers.com.,NA,
Synechococcus_sp,5,Phytoplankton_Misc,Guinder_etal_2020,https://doi.org/10.1371/journal.pone.0233156,
Tasmacetus_shepherdi,0,MarineMammals_3,Riccialdelli_etal_2017,https://doi.org/10.3354/meps12296,
Tectonatica_impervia,0,Gastropoda,DiLuca&Zelaya_2019,https://doi.org/10.11646/zootaxa.4544.1.2,
Tedania_sp,18,Porifera,Schejter_etal_2016,https://doi.org/10.1007/s00300-016-1913-2,
Terebellides_malvinensis,0,Polychaeta,Bremec_etal_2019,http://dx.doi.org/10.15517/rbt.v67is5.38937,
Tetractinellida,14,Porifera,Schejter_etal_2016,https://doi.org/10.1007/s00300-016-1913-2,
Thalassarche_chrysostoma,0,SeaBirds,RayaRey_pers.com.,NA,
Thalassarche_melanophris,0,SeaBirds,RayaRey_pers.com.,NA,
Thelepus_sp,0,Polychaeta,Bremec_etal_2019,http://dx.doi.org/10.15517/rbt.v67is5.38937,
Themisto_gaudichaudii,0,Zooplankton,Spinelli_etal_2020,https://doi.org/10.1016/j.jmarsys.2020.103398,
Thouarella_spp,12,Coral,Schejter_etal_2020b,https://doi.org/10.11646/zootaxa.4878.2.1,
Thymops_birsteini,0,Decapoda,Lovrich_etal_2005,https://doi.org/10.3989/scimar.2005.69s2183,
Tinerfe_cyanea,0,Zooplankton,Spinelli_etal_2020,https://doi.org/10.1016/j.jmarsys.2020.103398,
Tonicia_lebruni,0,Polyplacophora,Teso_etal_2019,https://doi.org/10.1186/s12898-019-0263-7,
Travisia_kerguelensis,0,Polychaeta,Bremec_etal_2019,http://dx.doi.org/10.15517/rbt.v67is5.38937,
Trophon_ohlini,3,Gastropoda,DiLuca&Zelaya_2019,https://doi.org/10.11646/zootaxa.4544.1.2,
Trophon_plicatus,3,Gastropoda,DiLuca&Zelaya_2019; Teso_etal_2019,https://doi.org/10.11646/zootaxa.4544.1.2,
Tryphosella_sp,0,Amphipoda,Fischer_etal_2022,https://doi.org/10.1007/s00300-022-03082-9,
Tryphosites_chevreuxi,0,Amphipoda,Lopez-Gappa_etal_2006; Chiesa_pers.com.,https://doi.org/10.11646/ZOOTAXA.1342.1.1,
Tulpa_tulipifera,3,Cnidaria_benthic,Schejter_etal_2020a; 2020b,https://doi.org/10.1002/aqc.3265,
Turbonilla_strebeli,0,Gastropoda,DiLuca&Zelaya_2019,https://doi.org/10.11646/zootaxa.4544.1.2,
Uromunna_nana,0,Isopoda,Doti_etal_2020,https://doi.org/10.1007/s00300-020-02725-z,
Uromunna_sp,0,Isopoda,Doti_etal_2020,https://doi.org/10.1007/s00300-020-02725-z,
Ziphius_cavirostris,0,MarineMammals_3,Riccialdelli_etal_2017,https://doi.org/10.3354/meps12296,
Zygochlamys_patagonica,3,Bivalvia,Schejter_etal_2020a,https://doi.org/10.1002/aqc.3265,
Biodiversidad,33,,,,
Biopurificacion,34,,,,
Flujo de carbono,35,,,,
Educacion,38,,,,
Identidad,37,,,,
Materia prima,32,,,,
Pesca,31,,,,
Secuestro de carbono,36,,,,